vibration,label
0.20559248,0.0
0.4215547,0.0
0.43996155,0.0
0.1710811,0.0
0.4143229,0.0
0.41713154,0.0
0.38260093,0.0
0.106912136,0.0
0.34360316,0.0
0.2610005,0.0
0.37100947,0.0
0.18677726,0.0
0.35648912,0.0
0.11026938,0.0
0.34814054,0.0
0.14204699,0.0
0.03209169,0.0
0.2446237,0.0
0.08421444,0.0
0.085247435,0.0
0.12606135,0.0
0.21572044,0.0
0.340388,0.0
0.20185769,0.0
0.30979726,0.0
0.34254006,0.0
0.12876494,0.0
0.34685835,0.0
0.40245104,0.0
0.4849299,0.0
0.18224975,0.0
0.4407067,0.0
0.44454297,0.0
0.32280815,0.0
0.43189415,0.0
0.24386755,0.0
0.02523434,0.0
0.2079535,0.0
0.43371883,0.0
0.33398846,0.0
0.19200592,0.0
0.4210818,0.0
0.10444039,0.0
0.15977179,0.0
0.4127656,0.0
0.4318567,0.0
0.44002643,0.0
0.2286061,0.0
0.2836183,0.0
0.39177772,0.0
0.114551984,0.0
0.2093162,0.0
0.24779603,0.0
0.16092005,0.0
0.4425997,0.0
0.20035215,0.0
0.46862814,0.0
0.39442182,0.0
0.33796862,0.0
0.26534703,0.0
0.176375,0.0
0.29096088,0.0
0.1315882,0.0
0.254984,0.0
0.036687784,0.0
0.19554456,0.0
0.13153268,0.0
0.4934156,0.0
0.070553094,0.0
0.33232912,0.0
0.22948757,0.0
0.12656005,0.0
0.23265108,0.0
0.39795315,0.0
0.18379676,0.0
0.048319813,0.0
0.22108856,0.0
0.27255607,0.0
0.15202999,0.0
0.42405313,0.0
0.13035868,0.0
0.03210711,0.0
0.040836666,0.0
0.32272196,0.0
0.0045037097,0.0
0.22571298,0.0
0.44329432,0.0
0.43465397,0.0
0.36661118,0.0
0.40839207,0.0
0.4438565,0.0
0.36246613,0.0
0.40721756,0.0
0.18823628,0.0
0.10286179,0.0
0.07684339,0.0
0.13419354,0.0
0.073903255,0.0
0.093757086,0.0
0.102290764,0.0
0.11125656,0.0
0.33308804,0.0
0.44002977,0.0
0.36795914,0.0
0.23904759,0.0
0.40367165,0.0
0.23479667,0.0
0.061057556,0.0
0.006602453,0.0
0.43051097,0.0
0.13173285,0.0
0.11536084,0.0
0.3671793,0.0
0.41972703,0.0
0.116283625,0.0
0.08146628,0.0
0.27755877,0.0
0.15183303,0.0
0.19225997,0.0
0.43522072,0.0
0.006861697,0.0
0.052132614,0.0
0.45575887,0.0
0.10407856,0.0
0.050356526,0.0
0.2821074,0.0
0.43300778,0.0
0.3955,0.0
0.3763003,0.0
0.0048740353,0.0
0.15240277,0.0
0.06238865,0.0
0.23075221,0.0
0.4248382,0.0
0.046158165,0.0
0.23540887,0.0
0.4126374,0.0
0.14436041,0.0
0.10524236,0.0
0.076760374,0.0
0.14840372,0.0
0.3902311,0.0
0.26081803,0.0
0.23952936,0.0
0.13304624,0.0
0.465486,0.0
0.030379793,0.0
0.02035733,0.0
0.06633549,0.0
0.011483277,0.0
0.018390534,0.0
0.30566663,0.0
0.17401034,0.0
0.120424464,0.0
0.42338333,0.0
0.4846173,0.0
0.4072572,0.0
0.044932775,0.0
0.21317163,0.0
0.46510565,0.0
0.20422964,0.0
0.03865335,0.0
0.311571,0.0
0.44224524,0.0
0.29069912,0.0
0.03828004,0.0
0.28224903,0.0
0.2424101,0.0
0.1966219,0.0
0.44711643,0.0
0.2760732,0.0
0.04762748,0.0
0.005384998,0.0
0.38253784,0.0
0.26912552,0.0
0.10510204,0.0
0.3523877,0.0
0.35867935,0.0
0.4485624,0.0
0.05481628,0.0
0.21912053,0.0
0.37053224,0.0
0.05846154,0.0
0.18117289,0.0
0.18540852,0.0
0.04986829,0.0
0.26543984,0.0
0.2603232,0.0
0.3892273,0.0
0.05123222,0.0
0.26874766,0.0
0.29006472,0.0
0.46297258,0.0
0.45244277,0.0
0.1975708,0.0
0.21298283,0.0
0.34258258,0.0
0.26514965,0.0
0.2417464,0.0
0.21569936,0.0
0.14819425,0.0
0.31771857,0.0
0.43737525,0.0
0.21908027,0.0
0.12400125,0.0
0.3464697,0.0
0.41872233,0.0
0.28220454,0.0
0.23300822,0.0
0.4443021,0.0
0.24280594,0.0
0.032900434,0.0
0.36325508,0.0
0.3918564,0.0
0.4615363,0.0
0.25450012,0.0
0.23445432,0.0
0.35860518,0.0
0.32354084,0.0
0.08900055,0.0
0.3862744,0.0
0.20214769,0.0
0.090542376,0.0
0.48226884,0.0
0.4174989,0.0
0.16101429,0.0
0.42834675,0.0
0.040603433,0.0
0.084570505,0.0
0.053118754,0.0
0.11012518,0.0
0.33275953,0.0
0.19679956,0.0
0.17956054,0.0
0.12202098,0.0
0.2760792,0.0
0.18558414,0.0
0.33138484,0.0
0.34215075,0.0
0.2336891,0.0
0.45258653,0.0
0.28465757,0.0
0.18690994,0.0
0.4248429,0.0
0.186906,0.0
0.360702,0.0
0.027535468,0.0
0.4584692,0.0
0.07782015,0.0
0.12473049,0.0
0.0053458703,0.0
0.20185772,0.0
0.2204632,0.0
0.45425606,0.0
0.08257928,0.0
0.18127364,0.0
0.29577845,0.0
0.09224876,0.0
0.20275575,0.0
0.103345156,0.0
0.48412538,0.0
0.05489767,0.0
0.3853414,0.0
0.43088374,0.0
0.2427827,0.0
0.075816676,0.0
0.4065018,0.0
0.0012720627,0.0
0.04947733,0.0
0.21560243,0.0
0.17437139,0.0
0.4348142,0.0
0.3293693,0.0
0.18929604,0.0
0.2580989,0.0
0.26450032,0.0
0.36564496,0.0
0.0870617,0.0
0.29352593,0.0
0.025860686,0.0
0.20557548,0.0
0.021327022,0.0
0.20016237,0.0
0.45660037,0.0
0.26561886,0.0
0.48437044,0.0
0.35018042,0.0
0.37187666,0.0
0.10557236,0.0
0.18166664,0.0
0.1236244,0.0
0.030158859,0.0
0.033336405,0.0
0.13785192,0.0
0.36020115,0.0
0.449307,0.0
0.3626234,0.0
0.22349629,0.0
0.094680384,0.0
0.40644228,0.0
0.392355,0.0
0.47634748,0.0
0.43310964,0.0
0.27574295,0.0
0.43757924,0.0
0.37025598,0.0
0.41454032,0.0
0.35622784,0.0
0.29689577,0.0
0.3035923,0.0
0.34346226,0.0
0.41934335,0.0
0.0654559,0.0
0.09337198,0.0
0.16362718,0.0
0.28433898,0.0
0.17726254,0.0
0.36286068,0.0
0.28959024,0.0
0.27867532,0.0
0.31275713,0.0
0.03233302,0.0
0.22012348,0.0
0.003929853,0.0
0.35907167,0.0
0.43935028,0.0
0.099251516,0.0
0.14181818,0.0
0.34301513,0.0
0.10033534,0.0
0.40876505,0.0
0.15723743,0.0
0.42752108,0.0
0.11916493,0.0
0.48302636,0.0
0.106173344,0.0
0.39417636,0.0
0.06395803,0.0
0.15041271,0.0
0.4118683,0.0
0.07248242,0.0
0.35900226,0.0
0.46735275,0.0
0.18843767,0.0
0.37760663,0.0
0.025318973,0.0
0.0029823529,0.0
0.42221963,0.0
0.4646038,0.0
0.38382936,0.0
0.48935285,0.0
0.22193244,0.0
0.30664134,0.0
0.22911721,0.0
0.10036997,0.0
0.013807851,0.0
0.468823,0.0
0.30809692,0.0
0.16426477,0.0
0.36491498,0.0
0.4531195,0.0
0.15127248,0.0
0.07424405,0.0
0.33974978,0.0
0.22751696,0.0
0.33241662,0.0
0.07176406,0.0
0.12923236,0.0
0.32078797,0.0
0.096313946,0.0
0.4439576,0.0
0.108489215,0.0
0.11312457,0.0
0.1883063,0.0
0.040168505,0.0
0.043011006,0.0
0.3359394,0.0
0.09709594,0.0
0.10721295,0.0
0.34382173,0.0
0.18494543,0.0
0.37820294,0.0
0.4417636,0.0
0.016550362,0.0
0.45183057,0.0
0.23680305,0.0
0.41862017,0.0
0.01978294,0.0
0.06429302,0.0
0.071427226,0.0
0.46356827,0.0
0.16006994,0.0
0.2925417,0.0
0.27278677,0.0
0.06799684,0.0
0.02536354,0.0
0.27495465,0.0
0.4838593,0.0
0.40546882,0.0
0.17007253,0.0
0.40323278,0.0
0.36587963,0.0
0.14536509,0.0
0.13533865,0.0
0.358264,0.0
0.07567172,0.0
0.19285241,0.0
0.23355025,0.0
0.06759631,0.0
0.41921154,0.0
0.33529496,0.0
0.21505931,0.0
0.0263964,0.0
0.14507675,0.0
0.26305395,0.0
0.4260813,0.0
0.30495963,0.0
0.1693544,0.0
0.13852346,0.0
0.15298796,0.0
0.46190798,0.0
0.37556028,0.0
0.050796207,0.0
0.34462795,0.0
0.22689581,0.0
0.40504077,0.0
0.041622914,0.0
0.034551654,0.0
0.18827684,0.0
0.45533472,0.0
0.010114058,0.0
0.41371936,0.0
0.46688086,0.0
0.24392503,0.0
0.49597275,0.0
0.26281095,0.0
0.46830967,0.0
0.4093474,0.0
0.19962248,0.0
0.07221866,0.0
0.28687826,0.0
0.49021173,0.0
0.33635092,0.0
0.44742003,0.0
0.44910666,0.0
0.09699682,0.0
0.0013018086,0.0
0.4024207,0.0
0.2808027,0.0
0.40370655,0.0
0.00560295,0.0
0.24555703,0.0
0.28349265,0.0
0.29587805,0.0
0.33897188,0.0
0.009180761,0.0
0.0836507,0.0
0.13742407,0.0
0.44170615,0.0
0.019398464,0.0
0.022809643,0.0
0.106352665,0.0
0.47977608,0.0
0.2354491,0.0
0.008219679,0.0
0.2833787,0.0
0.21780391,0.0
0.001242731,0.0
0.30218616,0.0
0.45769164,0.0
0.297893,0.0
0.16868515,0.0
0.34153074,0.0
0.40783513,0.0
0.065009475,0.0
0.18699965,0.0
0.20993029,0.0
0.45672858,0.0
0.038916636,0.0
0.3186823,0.0
0.07473389,0.0
0.17119335,0.0
0.030483484,0.0
0.45103857,0.0
0.29557458,0.0
0.26137543,0.0
0.15743417,0.0
0.488979,0.0
0.47920358,0.0
0.1982456,0.0
0.1918441,0.0
0.20058449,0.0
0.11435769,0.0
0.22697453,0.0
0.27281508,0.0
0.120968394,0.0
0.11494905,0.0
0.42896762,0.0
0.05536972,0.0
0.26590434,0.0
0.43439084,0.0
0.22856528,0.0
0.4105254,0.0
0.054293316,0.0
0.011974556,0.0
0.469602,0.0
0.16041814,0.0
0.12691323,0.0
0.3437374,0.0
0.24194069,0.0
0.021147097,0.0
0.17076916,0.0
0.313564,0.0
0.41579542,0.0
0.08157811,0.0
0.17827523,0.0
0.3519502,0.0
0.12857811,0.0
0.075782016,0.0
0.37991315,0.0
0.30865863,0.0
0.09274551,0.0
0.3033958,0.0
0.014023527,0.0
0.36868796,0.0
0.18270159,0.0
0.25242445,0.0
0.45378536,0.0
0.06608352,0.0
0.46985272,0.0
0.42363924,0.0
0.2631074,0.0
0.2367865,0.0
0.34557337,0.0
0.28666344,0.0
0.14480492,0.0
0.44319373,0.0
0.031097587,0.0
0.42691392,0.0
0.46585867,0.0
0.49833283,0.0
0.013533964,0.0
0.17921475,0.0
0.15812266,0.0
0.19794624,0.0
0.09269788,0.0
0.48949903,0.0
0.214989,0.0
0.35671237,0.0
0.29978243,0.0
0.49801257,0.0
0.07579543,0.0
0.34968904,0.0
0.15913722,0.0
0.22627911,0.0
0.15550321,0.0
0.48017743,0.0
0.31724247,0.0
0.4453923,0.0
0.24929252,0.0
0.037424184,0.0
0.16309935,0.0
0.43338144,0.0
0.43673488,0.0
0.18409738,0.0
0.07557076,0.0
0.21806018,0.0
0.4605731,0.0
0.0867184,0.0
0.050421007,0.0
0.37891194,0.0
0.08264991,0.0
0.25333914,0.0
0.28248674,0.0
0.19076164,0.0
0.115020655,0.0
0.47568482,0.0
0.09660003,0.0
0.25565794,0.0
0.2864507,0.0
0.41509753,0.0
0.14064838,0.0
0.16159213,0.0
0.08540775,0.0
0.25902754,0.0
0.12340391,0.0
0.40170583,0.0
0.46857497,0.0
0.13881464,0.0
0.44590005,0.0
0.33655727,0.0
0.26979256,0.0
0.33687282,0.0
0.18168426,0.0
0.042024523,0.0
0.38527164,0.0
0.445333,0.0
0.24509318,0.0
0.46713945,0.0
0.39660656,0.0
0.07122581,0.0
0.4063217,0.0
0.035910036,0.0
0.14395747,0.0
0.3238193,0.0
0.35366562,0.0
0.010129643,0.0
0.3732267,0.0
0.12932308,0.0
0.33022222,0.0
0.21274006,0.0
0.3391159,0.0
0.3244686,0.0
0.25136194,0.0
0.4065318,0.0
0.07456808,0.0
0.30273232,0.0
0.07090885,0.0
0.20372255,0.0
0.17235136,0.0
0.32707387,0.0
0.28800634,0.0
0.18718831,0.0
0.34080002,0.0
0.16957518,0.0
0.023693882,0.0
0.21640028,0.0
0.031188319,0.0
0.038201913,0.0
0.12183793,0.0
0.19822375,0.0
0.0031007528,0.0
0.46734732,0.0
0.16490343,0.0
0.49003622,0.0
0.20912592,0.0
0.087660655,0.0
0.20938282,0.0
0.044274177,0.0
0.06466519,0.0
0.3496498,0.0
0.18885984,0.0
0.456745,0.0
0.14992799,0.0
0.11835049,0.0
0.07513698,0.0
0.095592834,0.0
0.13602996,0.0
0.34642172,0.0
0.35934922,0.0
0.48769784,0.0
0.49509263,0.0
0.38774648,0.0
0.4879724,0.0
0.04181496,0.0
0.48237732,0.0
0.0600251,0.0
0.46983033,0.0
0.030243905,0.0
0.20493017,0.0
0.39351434,0.0
0.2615618,0.0
0.19155447,0.0
0.24769855,0.0
0.12765788,0.0
0.1057739,0.0
0.3664652,0.0
0.025385842,0.0
0.05586935,0.0
0.46096608,0.0
0.30637413,0.0
0.47479516,0.0
0.451705,0.0
0.39465296,0.0
0.015418393,0.0
0.30803743,0.0
0.27047858,0.0
0.07651664,0.0
0.17945126,0.0
0.19528434,0.0
0.3362558,0.0
0.20223467,0.0
0.012174417,0.0
0.2585838,0.0
0.086971745,0.0
0.34377787,0.0
0.43271008,0.0
0.2245581,0.0
0.34644127,0.0
0.27774045,0.0
0.15087298,0.0
0.38845482,0.0
0.19438334,0.0
0.25473067,0.0
0.33828568,0.0
0.10516393,0.0
0.0013179799,0.0
0.3601732,0.0
0.4971467,0.0
0.16526881,0.0
0.2662569,0.0
0.22950605,0.0
0.27436525,0.0
0.034463614,0.0
0.122474216,0.0
0.07091029,0.0
0.20855562,0.0
0.22516517,0.0
0.4074436,0.0
0.038738415,0.0
0.058241166,0.0
0.0740641,0.0
0.12020702,0.0
0.37752575,0.0
0.35935703,0.0
0.07368788,0.0
0.48491603,0.0
0.3228385,0.0
0.36032432,0.0
0.08531648,0.0
0.0020171297,0.0
0.22957398,0.0
0.3269704,0.0
0.28827906,0.0
0.43903622,0.0
0.47891596,0.0
0.0056411694,0.0
0.36585966,0.0
0.36422345,0.0
0.06357969,0.0
0.37458852,0.0
0.38338,0.0
0.3846063,0.0
0.09526874,0.0
6.062051e-05,0.0
0.029903416,0.0
0.27970934,0.0
0.31064117,0.0
0.2887028,0.0
0.033549145,0.0
0.26697662,0.0
0.12172266,0.0
0.29091734,0.0
0.27353948,0.0
0.42968804,0.0
0.04119294,0.0
0.15931487,0.0
0.0431574,0.0
0.1250193,0.0
0.033804838,0.0
0.44590026,0.0
0.16381313,0.0
0.12786451,0.0
0.07969508,0.0
0.2787496,0.0
0.48027456,0.0
0.42055175,0.0
0.3280122,0.0
0.15467647,0.0
0.34122822,0.0
0.17859076,0.0
0.102938816,0.0
0.38559064,0.0
0.0650336,0.0
0.15048793,0.0
0.37498674,0.0
0.42886087,0.0
0.061812423,0.0
0.2968258,0.0
0.4836316,0.0
0.121845044,0.0
0.010046384,0.0
0.22688708,0.0
0.23398152,0.0
0.4143179,0.0
0.037472237,0.0
0.14358322,0.0
0.04449724,0.0
0.48361304,0.0
0.14889207,0.0
0.15486258,0.0
0.19808526,0.0
0.16980049,0.0
0.40515256,0.0
0.068902716,0.0
0.15275386,0.0
0.03329376,0.0
0.03021342,0.0
0.11075039,0.0
0.37589535,0.0
0.2643983,0.0
0.16802756,0.0
0.21353321,0.0
0.0028385196,0.0
0.30727416,0.0
0.0012129814,0.0
0.07359404,0.0
0.33609203,0.0
0.469712,0.0
0.13920249,0.0
0.06805321,0.0
0.3081786,0.0
0.40391457,0.0
0.47166672,0.0
0.15516534,0.0
0.4283519,0.0
0.100643136,0.0
0.44372413,0.0
0.05230928,0.0
0.47451383,0.0
0.24633266,0.0
0.067310415,0.0
0.20971753,0.0
0.041628543,0.0
0.19885819,0.0
0.110296495,0.0
0.31733844,0.0
0.43959382,0.0
0.36316723,0.0
0.42804673,0.0
0.35294724,0.0
0.088485315,0.0
0.4516171,0.0
0.44606397,0.0
0.2196336,0.0
0.22871588,0.0
0.09492472,0.0
0.39426446,0.0
0.2722371,0.0
0.12721018,0.0
0.022165934,0.0
0.09238225,0.0
0.08069733,0.0
0.16012947,0.0
0.40797636,0.0
0.00026540802,0.0
0.24240366,0.0
0.15850884,0.0
0.47338858,0.0
0.14095889,0.0
0.20629863,0.0
0.40537935,0.0
0.049599398,0.0
0.48107433,0.0
0.1637156,0.0
0.44411287,0.0
0.07493817,0.0
0.19110349,0.0
0.34925318,0.0
0.34171197,0.0
0.43279624,0.0
0.36805928,0.0
0.0072769844,0.0
0.093670525,0.0
0.147077,0.0
0.070217185,0.0
0.25241792,0.0
0.43572104,0.0
0.41640863,0.0
0.07802763,0.0
0.27965614,0.0
0.35450265,0.0
0.34116548,0.0
0.2566005,0.0
0.0742742,0.0
0.09599642,0.0
0.05033391,0.0
0.44274744,0.0
0.255876,0.0
0.38844267,0.0
0.15822437,0.0
0.2991491,0.0
0.34816402,0.0
0.48687825,0.0
0.27691257,0.0
0.42354622,0.0
0.0068448633,0.0
0.035114486,0.0
0.39663038,0.0
0.04112437,0.0
0.17954205,0.0
0.11608105,0.0
0.11291999,0.0
0.32582384,0.0
0.4596856,0.0
0.30049396,0.0
0.13076882,0.0
0.31514284,0.0
0.23936144,0.0
0.06604382,0.0
0.34147874,0.0
0.34681818,0.0
0.2853192,0.0
0.14658678,0.0
0.49970073,0.0
0.23713645,0.0
0.25539368,0.0
0.4352257,0.0
0.28805682,0.0
0.24909692,0.0
0.44444814,0.0
0.29284126,0.0
0.45969105,0.0
0.47109523,0.0
0.28248045,0.0
0.32038698,0.0
0.34167686,0.0
0.35253513,0.0
0.4007238,0.0
0.16067915,0.0
0.21049733,0.0
0.06451352,0.0
0.07749265,0.0
0.038606253,0.0
0.14005631,0.0
0.3498667,0.0
0.47806,0.0
0.10938226,0.0
0.116465375,0.0
0.10243304,0.0
0.16405658,0.0
0.48931792,0.0
0.44055304,0.0
0.21974508,0.0
0.10408227,0.0
0.28928155,0.0
0.00460103,0.0
0.18413918,0.0
0.15237273,0.0
0.4667808,0.0
0.42685592,0.0
0.112697996,0.0
0.09375817,0.0
0.10433626,0.0
0.2692634,0.0
0.362964,0.0
0.25980872,0.0
0.48865032,0.0
0.23364733,0.0
0.37933296,0.0
0.36963025,0.0
0.28925046,0.0
0.25968543,0.0
0.4225752,0.0
0.24190928,0.0
0.14213379,0.0
0.1763332,0.0
0.16080604,0.0
0.16323753,0.0
0.068283804,0.0
0.48433527,0.0
0.4580381,0.0
0.2724394,0.0
0.0034412602,0.0
0.20626482,0.0
0.2819987,0.0
0.3517983,0.0
0.31472662,0.0
0.19848114,0.0
0.39887282,0.0
0.0016390422,0.0
0.007189504,0.0
0.36674482,0.0
0.095598206,0.0
0.24143206,0.0
0.421463,0.0
0.068313226,0.0
0.490414,0.0
0.3220823,0.0
0.42858228,0.0
0.36070707,0.0
0.20667662,0.0
0.18656157,0.0
0.30947194,0.0
0.47639915,0.0
0.20506352,0.0
0.45204058,0.0
0.41819754,0.0
0.034179185,0.0
0.11641759,0.0
0.23236834,0.0
0.415315,0.0
0.1209563,0.0
0.07132495,0.0
0.49587297,0.0
0.35708955,0.0
0.078204185,0.0
0.24373196,0.0
0.33413693,0.0
0.22920668,0.0
0.12472478,0.0
0.21281251,0.0
0.0004384336,0.0
0.28340882,0.0
0.09800772,0.0
0.4104258,0.0
0.36588448,0.0
0.04723047,0.0
0.029227287,0.0
0.41276735,0.0
0.041475948,0.0
0.45733544,0.0
0.14388296,0.0
0.0724405,0.0
0.10501436,0.0
0.014766636,0.0
0.24013925,0.0
0.44141772,0.0
0.23464574,0.0
0.46077707,0.0
0.36535883,0.0
0.03382077,0.0
0.19967085,0.0
0.24708211,0.0
0.46160078,0.0
0.3182144,0.0
0.26382774,0.0
0.14081272,0.0
0.2176697,0.0
0.047074065,0.0
0.21983774,0.0
0.4804815,0.0
0.29313236,0.0
0.061183516,0.0
0.015600525,0.0
0.47525868,0.0
0.23370174,0.0
0.15101516,0.0
0.25539085,0.0
0.021402214,0.0
0.082981244,0.0
0.2843275,0.0
0.18325934,0.0
0.34326905,0.0
0.4600342,0.0
0.2319255,0.0
0.13026701,0.0
0.16974498,0.0
0.26410478,0.0
0.3721028,0.0
0.14358653,0.0
0.32026094,0.0
0.3614536,0.0
0.04755248,0.0
0.23660298,0.0
0.18648562,0.0
0.28599343,0.0
0.016249692,0.0
0.289709,0.0
0.4898489,0.0
0.16949445,0.0
0.22247864,0.0
0.39015356,0.0
0.30078667,0.0
0.48031637,0.0
0.26755834,0.0
0.42806998,0.0
0.38450018,0.0
0.30716783,0.0
0.36924458,0.0
0.28651538,0.0
0.2829055,0.0
0.26685384,0.0
0.33564815,0.0
0.1972411,0.0
0.14833704,0.0
0.043738123,0.0
0.16353726,0.0
0.14881662,0.0
0.3500462,0.0
0.38803902,0.0
0.06971061,0.0
0.40368786,0.0
0.4643966,0.0
0.48316997,0.0
0.2951312,0.0
0.12793708,0.0
0.33721963,0.0
0.22053486,0.0
0.44416156,0.0
0.3484833,0.0
0.40296802,0.0
0.17013882,0.0
0.1819526,0.0
0.058954384,0.0
0.33878917,0.0
0.14790438,0.0
0.021272326,0.0
0.12646979,0.0
0.11710111,0.0
0.4106699,0.0
0.4567068,0.0
0.28601438,0.0
0.40459165,0.0
0.27116117,0.0
0.20634148,0.0
0.06422535,0.0
0.064450935,0.0
0.15481329,0.0
0.3273674,0.0
0.32116354,0.0
0.21631947,0.0
0.4284822,0.0
0.31039375,0.0
0.28757492,0.0
0.4682279,0.0
0.47772476,0.0
0.07994847,0.0
0.28505903,0.0
0.42789528,0.0
0.22365277,0.0
0.21078883,0.0
0.008027225,0.0
0.35747758,0.0
0.13650365,0.0
0.17254078,0.0
0.2315439,0.0
0.4375004,0.0
0.11343105,0.0
0.36400354,0.0
0.38764104,0.0
0.3725228,0.0
0.1863388,0.0
0.17544991,0.0
0.3182916,0.0
0.31233734,0.0
0.29888952,0.0
0.31525093,0.0
0.20607409,0.0
0.029703425,0.0
0.30451047,0.0
0.2718375,0.0
0.4924956,0.0
0.047005393,0.0
0.39826366,0.0
0.017734913,0.0
0.37250844,0.0
0.24314088,0.0
0.37920725,0.0
0.18419963,0.0
0.3892606,0.0
0.3389948,0.0
0.26902798,0.0
0.21546967,0.0
0.351107,0.0
0.40789437,0.0
0.1395423,0.0
0.14275755,0.0
0.20417118,0.0
0.055918768,0.0
0.10907837,0.0
0.18078612,0.0
0.18646389,0.0
0.34901768,0.0
0.19136414,0.0
0.05416875,0.0
0.03727117,0.0
0.4177092,0.0
0.06279157,0.0
0.17310394,0.0
0.3548308,0.0
0.37676153,0.0
0.0760728,0.0
0.16767952,0.0
0.029239725,0.0
0.12294286,0.0
0.40291503,0.0
0.47155294,0.0
0.3747492,0.0
0.40778425,0.0
0.13887744,0.0
0.09039756,0.0
0.41469696,0.0
0.11080458,0.0
0.1835541,0.0
0.48453462,0.0
0.45566532,0.0
0.31716138,0.0
0.33940458,0.0
0.3278585,0.0
0.08650327,0.0
0.3032678,0.0
0.46539807,0.0
0.1490157,0.0
0.068363234,0.0
0.07713529,0.0
0.34893414,0.0
0.278112,0.0
0.4314341,0.0
0.1636121,0.0
0.21721573,0.0
0.17902713,0.0
0.43424287,0.0
0.013117576,0.0
0.007961186,0.0
0.40129516,0.0
0.47241172,0.0
0.21190482,0.0
0.03359733,0.0
0.041780822,0.0
0.18188505,0.0
0.44342223,0.0
0.14182015,0.0
0.31041637,0.0
0.26169145,0.0
0.42583534,0.0
0.037042443,0.0
0.34616122,0.0
0.020591477,0.0
0.3272749,0.0
0.34834692,0.0
0.15608646,0.0
0.38428274,0.0
0.36783224,0.0
0.4631356,0.0
0.15387309,0.0
0.32516542,0.0
0.46908587,0.0
0.0807193,0.0
0.13998057,0.0
0.17665964,0.0
0.35468003,0.0
0.10265675,0.0
0.036576454,0.0
0.28189445,0.0
0.10770698,0.0
0.085769385,0.0
0.095748074,0.0
0.20813589,0.0
0.023694832,0.0
0.44536752,0.0
0.40013662,0.0
0.45394686,0.0
0.2899547,0.0
0.41695952,0.0
0.053377554,0.0
0.4396749,0.0
0.37604263,0.0
0.016318148,0.0
0.3569263,0.0
0.3443449,0.0
0.2485703,0.0
0.2856499,0.0
0.052918255,0.0
0.024339305,0.0
0.3325051,0.0
0.09090265,0.0
0.25591904,0.0
0.055375654,0.0
0.17076333,0.0
0.22143759,0.0
0.37036243,0.0
0.06720552,0.0
0.38736233,0.0
0.31175938,0.0
0.35348725,0.0
0.2082494,0.0
0.47919965,0.0
0.47495624,0.0
0.38543457,0.0
0.14842431,0.0
0.21965732,0.0
0.15417749,0.0
0.009556017,0.0
0.056494325,0.0
0.3913303,0.0
0.4105596,0.0
0.442494,0.0
0.08300611,0.0
0.34642124,0.0
0.0073694102,0.0
0.010103553,0.0
0.41102082,0.0
0.34975144,0.0
0.379812,0.0
0.4129646,0.0
0.4289343,0.0
0.1561381,0.0
0.37020496,0.0
0.13312836,0.0
0.18695776,0.0
0.10189438,0.0
0.22939824,0.0
0.14722924,0.0
0.2152062,0.0
0.34939066,0.0
0.32676333,0.0
0.40861502,0.0
0.06327581,0.0
0.05611538,0.0
0.13429964,0.0
0.28311008,0.0
0.2541469,0.0
0.49191764,0.0
0.07697778,0.0
0.4386992,0.0
0.05084102,0.0
0.2559025,0.0
0.20831953,0.0
0.17550103,0.0
0.23458125,0.0
0.3651378,0.0
0.48150766,0.0
0.04603438,0.0
0.14152633,0.0
0.0067031705,0.0
0.21019395,0.0
0.39770737,0.0
0.19038619,0.0
0.35315925,0.0
0.46874428,0.0
0.3360832,0.0
0.26796892,0.0
0.38120806,0.0
0.011402745,0.0
0.13395666,0.0
0.26584262,0.0
0.43466318,0.0
0.2112793,0.0
0.20508869,0.0
0.22761519,0.0
0.21891835,0.0
0.48380998,0.0
0.026056804,0.0
0.42892596,0.0
0.4954654,0.0
0.4365492,0.0
0.13813679,0.0
0.39936465,0.0
0.4589382,0.0
0.13796,0.0
0.3275744,0.0
0.105267495,0.0
0.17463754,0.0
0.041307274,0.0
0.09289832,0.0
0.31496295,0.0
0.37044775,0.0
0.4202529,0.0
0.43998265,0.0
0.007747336,0.0
0.48787454,0.0
0.3015887,0.0
0.10528906,0.0
0.17927259,0.0
0.2953198,0.0
0.05825057,0.0
0.46092182,0.0
0.23663303,0.0
0.4026218,0.0
0.09519123,0.0
0.3208124,0.0
0.20604819,0.0
0.36959928,0.0
0.34914657,0.0
0.15808915,0.0
0.24816166,0.0
0.09067348,0.0
0.28675562,0.0
0.49708152,0.0
0.32252824,0.0
0.41666102,0.0
0.11472705,0.0
0.18330458,0.0
0.2877904,0.0
0.107519746,0.0
0.35815313,0.0
0.25643656,0.0
0.0052366247,0.0
0.42795515,0.0
0.24896778,0.0
0.18132669,0.0
0.22450148,0.0
0.23798071,0.0
0.007389307,0.0
0.13032979,0.0
0.09098907,0.0
0.30668175,0.0
0.0025452895,0.0
0.0654374,0.0
0.35015845,0.0
0.3575949,0.0
0.2695783,0.0
0.42685387,0.0
0.1646599,0.0
0.06098322,0.0
0.22619484,0.0
0.35724705,0.0
0.002870853,0.0
0.1601292,0.0
0.13981967,0.0
0.09100507,0.0
0.3672356,0.0
0.30433834,0.0
0.30806017,0.0
0.04612676,0.0
0.30229953,0.0
0.13841352,0.0
0.39796492,0.0
0.32240918,0.0
0.2601262,0.0
0.44894373,0.0
0.12152254,0.0
0.3924007,0.0
0.3684651,0.0
0.22385998,0.0
0.43865073,0.0
0.47755677,0.0
0.29245436,0.0
0.2817231,0.0
0.42192647,0.0
0.14073199,0.0
0.47944787,0.0
0.14394964,0.0
0.057481337,0.0
0.08811004,0.0
0.21011491,0.0
0.22910681,0.0
0.019628922,0.0
0.16374168,0.0
0.08951654,0.0
0.3252871,0.0
0.46083808,0.0
0.088807955,0.0
0.28715974,0.0
0.09616852,0.0
0.47597095,0.0
0.36384243,0.0
0.16042812,0.0
0.33840635,0.0
0.2845329,0.0
0.21446869,0.0
0.48345575,0.0
0.08119332,0.0
0.076994315,0.0
0.07619222,0.0
0.014098924,0.0
0.23194747,0.0
0.07376453,0.0
0.23765434,0.0
0.09085815,0.0
0.2438596,0.0
0.2063394,0.0
0.09196038,0.0
0.00891901,0.0
0.3731171,0.0
0.07815596,0.0
0.326541,0.0
0.2551728,0.0
0.04633531,0.0
0.3146461,0.0
0.22336562,0.0
0.48646,0.0
0.11337081,0.0
0.3606026,0.0
0.42485532,0.0
0.427298,0.0
0.49939707,0.0
0.2537372,0.0
0.025581924,0.0
0.06777432,0.0
0.4067614,0.0
0.2675402,0.0
0.42144716,0.0
0.078521065,0.0
0.059003893,0.0
0.07529798,0.0
0.45274404,0.0
0.24385007,0.0
0.10394342,0.0
0.01841232,0.0
0.22972213,0.0
0.48438182,0.0
0.30358663,0.0
0.4713478,0.0
0.26200983,0.0
0.06265248,0.0
0.4356938,0.0
0.16528666,0.0
0.3344118,0.0
0.010453213,0.0
0.36661363,0.0
0.16901736,0.0
0.43857667,0.0
0.20773177,0.0
0.3578469,0.0
0.113601916,0.0
0.32100582,0.0
0.17147581,0.0
0.4545001,0.0
0.2436885,0.0
0.29047352,0.0
0.19735488,0.0
0.25585097,0.0
0.32189035,0.0
0.2275254,0.0
0.39623865,0.0
0.10334344,0.0
0.1309796,0.0
0.05109554,0.0
0.4597816,0.0
0.4811511,0.0
0.4171953,0.0
0.2980245,0.0
0.07815896,0.0
0.12947929,0.0
0.09419054,0.0
0.19910514,0.0
0.16071074,0.0
0.38252902,0.0
0.13190764,0.0
0.2701632,0.0
0.46436968,0.0
0.25286302,0.0
0.120329395,0.0
0.46376288,0.0
0.3106824,0.0
0.21592765,0.0
0.117872745,0.0
0.32124886,0.0
0.3445686,0.0
0.28125614,0.0
0.2677312,0.0
0.43648425,0.0
0.22372632,0.0
0.4512178,0.0
0.35929066,0.0
0.42496023,0.0
0.44844216,0.0
0.2102229,0.0
0.013538982,0.0
0.32903418,0.0
0.28739175,0.0
0.39241758,0.0
0.32234368,0.0
0.20096675,0.0
0.026650704,0.0
0.035724036,0.0
0.0009312117,0.0
0.4338836,0.0
0.002643452,0.0
0.26416183,0.0
0.41340518,0.0
0.42692578,0.0
0.005657137,0.0
0.17173398,0.0
0.08394148,0.0
0.44942936,0.0
0.15259843,0.0
0.137202,0.0
0.39442387,0.0
0.40202802,0.0
0.11782373,0.0
0.121911675,0.0
0.2614976,0.0
0.18662792,0.0
0.26586932,0.0
0.47468728,0.0
0.32129344,0.0
0.09840165,0.0
0.22981733,0.0
0.43709368,0.0
0.3213907,0.0
0.43535843,0.0
0.45763186,0.0
0.3387597,0.0
0.44396636,0.0
0.22371168,0.0
0.012382319,0.0
0.14115839,0.0
0.1277825,0.0
0.31362775,0.0
0.27388144,0.0
0.1925239,0.0
0.44016087,0.0
0.0327107,0.0
0.08457406,0.0
0.37425756,0.0
0.23419374,0.0
0.12410438,0.0
0.08918468,0.0
0.3570808,0.0
0.25780204,0.0
0.36460692,0.0
0.34757915,0.0
0.23966578,0.0
0.47219625,0.0
0.0023859313,0.0
0.48206884,0.0
0.17773771,0.0
0.46392897,0.0
0.29503405,0.0
0.08591736,0.0
0.33534166,0.0
0.09982814,0.0
0.0858756,0.0
0.121542715,0.0
0.20885469,0.0
0.07079598,0.0
0.44516593,0.0
0.4062166,0.0
0.330502,0.0
0.039348934,0.0
0.096592925,0.0
0.23812003,0.0
0.2725201,0.0
0.13124645,0.0
0.4449689,0.0
0.3322709,0.0
0.07982517,0.0
0.17502367,0.0
0.33678842,0.0
0.4689689,0.0
0.30427787,0.0
0.07295663,0.0
0.044594143,0.0
0.31565022,0.0
0.4281774,0.0
0.12823403,0.0
0.46771073,0.0
0.1597229,0.0
0.25842068,0.0
0.18736604,0.0
0.21031679,0.0
0.031294342,0.0
0.12905619,0.0
0.26728982,0.0
0.01989137,0.0
0.4134862,0.0
0.116510846,0.0
0.11712942,0.0
0.40854436,0.0
0.44393173,0.0
0.30220693,0.0
0.056879073,0.0
0.46575174,0.0
0.28590196,0.0
0.3412197,0.0
0.078788385,0.0
0.4193891,0.0
0.0017106213,0.0
0.19022138,0.0
0.29055175,0.0
0.15146285,0.0
0.37189218,0.0
0.47311738,0.0
0.050603457,0.0
0.10849321,0.0
0.4835514,0.0
0.3146848,0.0
0.2332084,0.0
0.26297697,0.0
0.029408116,0.0
0.17323235,0.0
0.3441835,0.0
0.36367074,0.0
0.45751953,0.0
0.44569558,0.0
0.049456805,0.0
0.32089445,0.0
0.37416005,0.0
0.4571787,0.0
0.44090927,0.0
0.12430538,0.0
0.40238354,0.0
0.33503386,0.0
0.124564946,0.0
0.23459741,0.0
0.15206698,0.0
0.4108665,0.0
0.44190717,0.0
0.0072417203,0.0
0.35503125,0.0
0.28535333,0.0
0.17121828,0.0
0.061752226,0.0
0.26886183,0.0
0.4885206,0.0
0.40067726,0.0
0.43226546,0.0
0.47137496,0.0
0.124130525,0.0
0.090566024,0.0
0.39562693,0.0
0.11395792,0.0
0.38049155,0.0
0.051542994,0.0
0.45886305,0.0
0.29404956,0.0
0.22879449,0.0
0.25595206,0.0
0.39300254,0.0
0.098095156,0.0
0.33657333,0.0
0.21590903,0.0
0.080077246,0.0
0.24013777,0.0
0.07790396,0.0
0.46489576,0.0
0.16225989,0.0
0.11440091,0.0
0.42861357,0.0
0.3406709,0.0
0.2647021,0.0
0.07036244,0.0
0.33370423,0.0
0.13460547,0.0
0.46146107,0.0
0.13054472,0.0
0.4436685,0.0
0.4991994,0.0
0.34749043,0.0
0.47757348,0.0
0.3852212,0.0
0.15011632,0.0
0.09478092,0.0
0.26132652,0.0
0.02227255,0.0
0.13166545,0.0
0.18607242,0.0
0.33777243,0.0
0.15701139,0.0
0.40903804,0.0
0.22848709,0.0
0.2488356,0.0
0.06020611,0.0
0.335977,0.0
0.27956372,0.0
0.45102325,0.0
0.49726555,0.0
0.12162284,0.0
0.10200863,0.0
0.09427912,0.0
0.16559882,0.0
0.076041654,0.0
0.035745483,0.0
0.32621422,0.0
0.13140324,0.0
0.2822634,0.0
0.09942137,0.0
0.22877271,0.0
0.37807932,0.0
0.47699505,0.0
0.4885112,0.0
0.45243198,0.0
0.30827034,0.0
0.37693796,0.0
0.23060389,0.0
0.38409364,0.0
0.3976027,0.0
0.2099821,0.0
0.3766656,0.0
0.44437066,0.0
0.039024074,0.0
0.38851538,0.0
0.40303573,0.0
0.1245317,0.0
0.45552766,0.0
0.34047714,0.0
0.4949045,0.0
0.23922318,0.0
0.31988066,0.0
0.42234775,0.0
0.09419231,0.0
0.02278952,0.0
0.07442359,0.0
0.44761825,0.0
0.36465082,0.0
0.0061529763,0.0
0.028932227,0.0
0.38309065,0.0
0.46004543,0.0
0.34753224,0.0
0.35857838,0.0
0.3065044,0.0
0.108609654,0.0
0.032765057,0.0
0.05742305,0.0
0.024831453,0.0
0.44347468,0.0
0.061136328,0.0
0.40388328,0.0
0.21029049,0.0
0.19225036,0.0
0.36005688,0.0
0.31186312,0.0
0.25060287,0.0
0.06456719,0.0
0.395391,0.0
0.30167893,0.0
0.26391864,0.0
0.031189037,0.0
0.4538491,0.0
0.18373148,0.0
0.21638657,0.0
0.4363195,0.0
0.111529715,0.0
0.47029445,0.0
0.16310357,0.0
0.4900152,0.0
0.3199282,0.0
0.1112647,0.0
0.24111345,0.0
0.43305004,0.0
0.23680463,0.0
0.20314494,0.0
0.41573566,0.0
0.41099593,0.0
0.38561642,0.0
0.009613112,0.0
0.24009329,0.0
0.4991406,0.0
0.12372048,0.0
0.31581774,0.0
0.49860853,0.0
0.17708589,0.0
0.42197508,0.0
0.02034758,0.0
0.19584809,0.0
0.08922934,0.0
0.4338672,0.0
0.46754068,0.0
0.41483003,0.0
0.48316553,0.0
0.41973063,0.0
0.38912025,0.0
0.24041589,0.0
0.0750483,0.0
0.38286814,0.0
0.49404845,0.0
0.20597777,0.0
0.2028655,0.0
0.34578237,0.0
0.26626876,0.0
0.19815391,0.0
0.021966698,0.0
0.23407295,0.0
0.16256128,0.0
0.24470897,0.0
0.38412657,0.0
0.12510088,0.0
0.2598856,0.0
0.059930213,0.0
0.033621114,0.0
0.28557193,0.0
0.4518403,0.0
0.031987358,0.0
0.31299445,0.0
0.20231865,0.0
0.30873036,0.0
0.108892724,0.0
0.15555678,0.0
0.1611062,0.0
0.3076375,0.0
0.105219394,0.0
0.052659575,0.0
0.36182863,0.0
0.2535092,0.0
0.0005024691,0.0
0.45132074,0.0
0.05736395,0.0
0.066205055,0.0
0.07630318,0.0
0.1838702,0.0
0.23956573,0.0
0.38382113,0.0
0.38279876,0.0
0.4991534,0.0
0.011847987,0.0
0.47675553,0.0
0.26669526,0.0
0.2107203,0.0
0.115051724,0.0
0.0015504903,0.0
0.016358603,0.0
0.44386086,0.0
0.15016513,0.0
0.32529664,0.0
0.2555897,0.0
0.30101487,0.0
0.4646792,0.0
0.08128475,0.0
0.25074315,0.0
0.3237645,0.0
0.47153738,0.0
0.39081192,0.0
0.15779187,0.0
0.20601994,0.0
0.4655198,0.0
0.4122385,0.0
0.060509376,0.0
0.1136644,0.0
0.27141088,0.0
0.122902736,0.0
0.18804288,0.0
0.24608138,0.0
0.28074628,0.0
0.49632907,0.0
0.11674499,0.0
0.33177483,0.0
0.4270424,0.0
0.13447961,0.0
0.33952224,0.0
0.15405662,0.0
0.36598074,0.0
0.07007312,0.0
0.40398443,0.0
0.13679326,0.0
0.10284887,0.0
0.3158128,0.0
0.38444296,0.0
0.038286738,0.0
0.30384135,0.0
0.041010983,0.0
0.265243,0.0
0.1304083,0.0
0.26070833,0.0
0.32935575,0.0
0.11938703,0.0
0.15736921,0.0
0.32132307,0.0
0.29671383,0.0
0.13116556,0.0
0.27833503,0.0
0.109322436,0.0
0.48753443,0.0
0.13003443,0.0
0.23227975,0.0
0.18853481,0.0
0.11612466,0.0
0.45003322,0.0
0.14847423,0.0
0.4074692,0.0
0.0700555,0.0
0.20243463,0.0
0.273065,0.0
0.3324465,0.0
0.20361209,0.0
0.41532472,0.0
0.4865013,0.0
0.17190753,0.0
0.25486824,0.0
0.31760225,0.0
0.1268663,0.0
0.12877105,0.0
0.1671718,0.0
0.35103267,0.0
0.090749286,0.0
0.3165573,0.0
0.030216927,0.0
0.14777373,0.0
0.19408657,0.0
0.29364288,0.0
0.43094906,0.0
0.21354403,0.0
0.013860741,0.0
0.39744607,0.0
0.14673841,0.0
0.1546738,0.0
0.14362697,0.0
0.3765901,0.0
0.25228977,0.0
0.19033432,0.0
0.253743,0.0
0.3111136,0.0
0.18208535,0.0
0.35709187,0.0
0.1370325,0.0
0.07049498,0.0
0.35514736,0.0
0.14008252,0.0
0.25259426,0.0
0.27703097,0.0
0.14861368,0.0
0.16650844,0.0
0.34360856,0.0
0.08238579,0.0
0.2630358,0.0
0.36407688,0.0
0.28193513,0.0
0.22713177,0.0
0.37751028,0.0
0.11065952,0.0
0.1215808,0.0
0.22760724,0.0
0.12909596,0.0
0.0245245,0.0
0.21155505,0.0
0.1898627,0.0
0.0021033483,0.0
0.03412304,0.0
0.26981464,0.0
0.34833965,0.0
0.49563095,0.0
0.025606668,0.0
0.0026057905,0.0
0.4504256,0.0
0.4520248,0.0
0.22580342,0.0
0.30667433,0.0
2.0452452,1.0
3.2122233,1.0
4.923694,1.0
3.71632,1.0
2.4502625,1.0
3.348339,1.0
4.373811,1.0
4.04515,1.0
2.7256894,1.0
2.8429756,1.0
2.976443,1.0
4.4601707,1.0
2.1689243,1.0
3.3189516,1.0
4.058428,1.0
2.9043276,1.0
3.9963708,1.0
3.4599528,1.0
2.3162875,1.0
2.9923222,1.0
2.2850285,1.0
3.4185839,1.0
4.97055,1.0
3.8872595,1.0
4.7485547,1.0
2.3788126,1.0
4.441584,1.0
3.1093383,1.0
3.3678262,1.0
3.043407,1.0
3.052079,1.0
4.514173,1.0
2.3139372,1.0
4.3041644,1.0
3.5673838,1.0
2.1406465,1.0
4.1603584,1.0
2.7170238,1.0
4.356575,1.0
2.7981954,1.0
2.945059,1.0
3.638313,1.0
2.4670994,1.0
2.1815023,1.0
2.6480894,1.0
3.4508965,1.0
3.583513,1.0
4.6835585,1.0
4.674896,1.0
2.7566593,1.0
2.5142379,1.0
3.137118,1.0
4.5097685,1.0
4.420753,1.0
4.761755,1.0
2.1333287,1.0
2.0409489,1.0
4.463141,1.0
4.814109,1.0
4.388798,1.0
4.168375,1.0
4.8873906,1.0
2.8391876,1.0
3.849707,1.0
2.8698156,1.0
3.782113,1.0
3.379358,1.0
4.666521,1.0
4.7188277,1.0
4.336474,1.0
2.352398,1.0
3.3645947,1.0
3.4635253,1.0
4.411756,1.0
4.7169943,1.0
2.6026585,1.0
3.2011244,1.0
4.0173774,1.0
3.378351,1.0
3.912701,1.0
4.0535555,1.0
2.7995508,1.0
3.1575449,1.0
3.58936,1.0
3.5471718,1.0
2.6373465,1.0
4.9785957,1.0
2.328512,1.0
4.7401605,1.0
2.1253073,1.0
3.6859486,1.0
4.842256,1.0
3.8618805,1.0
4.6448307,1.0
2.5587988,1.0
4.917441,1.0
3.7810862,1.0
2.5787864,1.0
4.64785,1.0
3.551877,1.0
4.125833,1.0
3.4356136,1.0
4.6742167,1.0
4.872505,1.0
4.2370076,1.0
3.6655457,1.0
3.578853,1.0
2.578667,1.0
4.3055353,1.0
4.977111,1.0
3.466773,1.0
4.2352,1.0
3.7706,1.0
4.5581813,1.0
4.3076315,1.0
4.975597,1.0
2.2471333,1.0
2.5974956,1.0
3.508669,1.0
3.9993134,1.0
2.0680168,1.0
4.489395,1.0
4.8803296,1.0
3.9868035,1.0
3.254202,1.0
2.1802485,1.0
3.494896,1.0
2.0964162,1.0
2.5336654,1.0
3.9870484,1.0
3.8743882,1.0
4.533432,1.0
4.8536587,1.0
2.0049193,1.0
2.7102394,1.0
4.6375203,1.0
2.789017,1.0
4.969116,1.0
4.839424,1.0
3.8916597,1.0
2.273166,1.0
2.8512113,1.0
2.2455692,1.0
3.7884963,1.0
4.6193523,1.0
3.896578,1.0
2.6309156,1.0
4.45457,1.0
2.407021,1.0
4.622752,1.0
3.5389848,1.0
2.646261,1.0
4.690278,1.0
3.516973,1.0
3.155705,1.0
3.5617425,1.0
3.7270577,1.0
2.4996927,1.0
3.900291,1.0
3.8477905,1.0
3.9420395,1.0
4.8570366,1.0
4.1264515,1.0
3.7825203,1.0
2.3986127,1.0
2.8860688,1.0
2.5967183,1.0
3.3415728,1.0
4.58889,1.0
2.9067235,1.0
3.0511963,1.0
3.067625,1.0
4.482234,1.0
3.2008314,1.0
3.5868008,1.0
4.086056,1.0
3.4722152,1.0
2.51457,1.0
2.2263832,1.0
3.6159546,1.0
2.893314,1.0
2.6565301,1.0
2.9237325,1.0
4.9765797,1.0
3.989912,1.0
4.6225524,1.0
3.7662385,1.0
3.911886,1.0
3.7209923,1.0
3.833432,1.0
3.805219,1.0
2.8123024,1.0
3.6780818,1.0
3.266195,1.0
4.6566553,1.0
3.2979753,1.0
3.658969,1.0
4.6692386,1.0
2.6964138,1.0
4.3419123,1.0
